[{"animal":"Land iguana","breed":"Conolophus subcristatus","legs":4,"head":2,"sound":"Kling-Reilly"},
{"animal":"Squirrel glider","breed":"Petaurus norfolcensis","legs":4,"head":2,"sound":"Simonis LLC"},
{"animal":"Wombat, southern hairy-nosed","breed":"Lasiorhinus latifrons","legs":3,"head":1,"sound":"Moore Group"},
{"animal":"Gray heron","breed":"Ardea cinerea","legs":4,"head":3,"sound":"Lind-Parker"},
{"animal":"Bobcat","breed":"Felis rufus","legs":1,"head":2,"sound":"Armstrong and Sons"},
{"animal":"Bare-faced go away bird","breed":"Lorythaixoides concolor","legs":3,"head":2,"sound":"Hoppe, Fisher and Ortiz"},
{"animal":"Wallaby, whip-tailed","breed":"Macropus parryi","legs":1,"head":4,"sound":"Johnson Group"},
{"animal":"Striated heron","breed":"Butorides striatus","legs":4,"head":2,"sound":"Watsica and Sons"},
{"animal":"Tailless tenrec","breed":"Tenrec ecaudatus","legs":1,"head":3,"sound":"Hoppe, Von and Greenfelder"},
{"animal":"Fox, silver-backed","breed":"Vulpes chama","legs":3,"head":2,"sound":"Larkin-Hegmann"},
{"animal":"Dove, emerald-spotted wood","breed":"Turtur chalcospilos","legs":4,"head":4,"sound":"Ruecker-Gusikowski"},
{"animal":"Lark, horned","breed":"Eremophila alpestris","legs":3,"head":4,"sound":"Hermann, Stracke and Jacobi"},
{"animal":"Brown hyena","breed":"Hyaena brunnea","legs":3,"head":3,"sound":"Lemke-Hermiston"},
{"animal":"Yak","breed":"Bos mutus","legs":3,"head":1,"sound":"Konopelski-Tromp"},
{"animal":"Grey phalarope","breed":"Phalaropus fulicarius","legs":1,"head":3,"sound":"Labadie-Beatty"},
{"animal":"Crake, african black","breed":"Limnocorax flavirostra","legs":1,"head":1,"sound":"Okuneva and Sons"},
{"animal":"Stork, openbill","breed":"Anastomus oscitans","legs":3,"head":1,"sound":"Johnston-Connelly"},
{"animal":"Columbian rainbow boa","breed":"Epicrates cenchria maurus","legs":3,"head":3,"sound":"Beer, Jones and Kessler"},
{"animal":"Viper, egyptian","breed":"Naja haje","legs":2,"head":1,"sound":"O'Kon LLC"},
{"animal":"Asiatic jackal","breed":"Canis aureus","legs":4,"head":2,"sound":"Parker LLC"},
{"animal":"American crow","breed":"Corvus brachyrhynchos","legs":2,"head":3,"sound":"Quitzon, Zboncak and Hermann"},
{"animal":"Red-tailed phascogale","breed":"Phascogale calura","legs":2,"head":3,"sound":"Cormier, Heaney and Dare"},
{"animal":"Booby, masked","breed":"Sula dactylatra","legs":2,"head":2,"sound":"Bailey-Kemmer"},
{"animal":"Sheathbill, snowy","breed":"Chionis alba","legs":4,"head":3,"sound":"Cassin, Douglas and Homenick"},
{"animal":"Bald eagle","breed":"Haliaeetus leucocephalus","legs":2,"head":4,"sound":"Dicki LLC"},
{"animal":"Secretary bird","breed":"Sagittarius serpentarius","legs":2,"head":4,"sound":"Ebert Group"},
{"animal":"Llama","breed":"Lama glama","legs":3,"head":4,"sound":"Welch-Hodkiewicz"},
{"animal":"Heron, grey","breed":"Ardea cinerea","legs":1,"head":1,"sound":"Hane, Grimes and Klocko"},
{"animal":"Boa, cook's tree","breed":"Corallus hortulanus cooki","legs":2,"head":4,"sound":"Osinski-Dickinson"},
{"animal":"Dove, emerald-spotted wood","breed":"Turtur chalcospilos","legs":4,"head":3,"sound":"McKenzie-Heathcote"},
{"animal":"Kori bustard","breed":"Choriotis kori","legs":2,"head":3,"sound":"Sauer Group"},
{"animal":"Cat, cape wild","breed":"Felis libyca","legs":1,"head":1,"sound":"Lowe-Nolan"},
{"animal":"Peregrine falcon","breed":"Falco peregrinus","legs":3,"head":4,"sound":"Haag, Kassulke and Champlin"},
{"animal":"Common zebra","breed":"Equus burchelli","legs":1,"head":4,"sound":"Wintheiser Group"},
{"animal":"Butterfly, canadian tiger swallowtail","breed":"Papilio canadensis","legs":1,"head":4,"sound":"Wiegand-Brakus"},
{"animal":"Sportive lemur","breed":"Lepilemur rufescens","legs":4,"head":1,"sound":"King, Simonis and Rohan"},
{"animal":"African snake (unidentified)","breed":"unavailable","legs":2,"head":3,"sound":"Hudson Inc"},
{"animal":"Mississippi alligator","breed":"Alligator mississippiensis","legs":3,"head":3,"sound":"Lesch-Donnelly"},
{"animal":"Four-striped grass mouse","breed":"Rhabdomys pumilio","legs":1,"head":1,"sound":"Lang-Mueller"},
{"animal":"Lion, african","breed":"Panthera leo","legs":4,"head":4,"sound":"Schoen-Hessel"},
{"animal":"Barbet, black-collared","breed":"Lybius torquatus","legs":2,"head":4,"sound":"Kuphal, Bernhard and Stracke"},
{"animal":"Jackal, indian","breed":"Canis aureus","legs":3,"head":3,"sound":"Boyer, Hirthe and Batz"},
{"animal":"Ostrich","breed":"Struthio camelus","legs":3,"head":3,"sound":"Gislason-Simonis"},
{"animal":"Black-faced kangaroo","breed":"Macropus fuliginosus","legs":3,"head":2,"sound":"Zieme and Sons"},
{"animal":"Miner's cat","breed":"Bassariscus astutus","legs":2,"head":2,"sound":"Kautzer, Ferry and Smitham"},
{"animal":"Common duiker","breed":"Sylvicapra grimma","legs":3,"head":1,"sound":"Tremblay, Zboncak and Sauer"},
{"animal":"Monitor, water","breed":"Varanus salvator","legs":4,"head":4,"sound":"Gibson LLC"},
{"animal":"Bee-eater, white-fronted","breed":"Merops bullockoides","legs":3,"head":2,"sound":"Walsh, Beer and Stracke"},
{"animal":"Pocket gopher (unidentified)","breed":"unavailable","legs":4,"head":1,"sound":"Conn LLC"},
{"animal":"Glider, feathertail","breed":"Acrobates pygmaeus","legs":1,"head":3,"sound":"Ortiz-Lind"},
{"animal":"Deer, spotted","breed":"Axis axis","legs":3,"head":1,"sound":"Kilback LLC"},
{"animal":"Whale, killer","breed":"Orcinus orca","legs":3,"head":4,"sound":"Hilpert LLC"},
{"animal":"Nilgai","breed":"Boselaphus tragocamelus","legs":3,"head":4,"sound":"Quitzon-Harber"},
{"animal":"Civet, common palm","breed":"Paradoxurus hermaphroditus","legs":2,"head":3,"sound":"West Inc"},
{"animal":"Asian water dragon","breed":"Physignathus cocincinus","legs":1,"head":2,"sound":"Hirthe-Kutch"},
{"animal":"Gemsbok","breed":"Oryx gazella","legs":1,"head":2,"sound":"Beer, White and McClure"},
{"animal":"Squirrel, golden-mantled ground","breed":"Spermophilus lateralis","legs":1,"head":3,"sound":"Friesen, Schuppe and Rowe"},
{"animal":"Glider, feathertail","breed":"Acrobates pygmaeus","legs":4,"head":2,"sound":"Deckow LLC"},
{"animal":"Wolf, mexican","breed":"Canis lupus baileyi","legs":1,"head":2,"sound":"Mayer LLC"},
{"animal":"Snake, carpet","breed":"Morelia spilotes variegata","legs":1,"head":2,"sound":"Lakin LLC"},
{"animal":"Southern screamer","breed":"Chauna torquata","legs":4,"head":2,"sound":"Harvey, Gerhold and Bode"},
{"animal":"Pelican, eastern white","breed":"Pelecans onocratalus","legs":4,"head":3,"sound":"Nienow LLC"},
{"animal":"Kangaroo, red","breed":"Macropus rufus","legs":1,"head":2,"sound":"Streich-Balistreri"},
{"animal":"Rose-ringed parakeet","breed":"Psittacula krameri","legs":3,"head":4,"sound":"DuBuque and Sons"},
{"animal":"Madagascar fruit bat","breed":"Pteropus rufus","legs":3,"head":1,"sound":"Grant-Rutherford"},
{"animal":"Oriental short-clawed otter","breed":"Aonyx cinerea","legs":3,"head":1,"sound":"Kerluke Group"},
{"animal":"Ring-tailed coatimundi","breed":"Nasua nasua","legs":3,"head":1,"sound":"Daniel LLC"},
{"animal":"Praying mantis (unidentified)","breed":"unavailable","legs":1,"head":2,"sound":"Torphy and Sons"},
{"animal":"California sea lion","breed":"Zalophus californicus","legs":2,"head":3,"sound":"Abbott, Tremblay and Larson"},
{"animal":"Stick insect","breed":"Leprocaulinus vipera","legs":1,"head":4,"sound":"Hegmann, Muller and Wolff"},
{"animal":"Wood pigeon","breed":"Columba palumbus","legs":3,"head":3,"sound":"Johnston LLC"},
{"animal":"Turkey vulture","breed":"Cathartes aura","legs":3,"head":3,"sound":"West-Mosciski"},
{"animal":"African ground squirrel (unidentified)","breed":"Xerus sp.","legs":1,"head":3,"sound":"Zemlak, Kuhn and Schroeder"},
{"animal":"Little grebe","breed":"Tachybaptus ruficollis","legs":3,"head":2,"sound":"Rutherford, Friesen and Kuhn"},
{"animal":"Plover, blacksmith","breed":"Vanellus armatus","legs":2,"head":2,"sound":"Cronin LLC"},
{"animal":"Eastern boa constrictor","breed":"Acrantophis madagascariensis","legs":3,"head":3,"sound":"Blanda, Hilll and Mohr"},
{"animal":"Beaver, north american","breed":"Castor canadensis","legs":3,"head":2,"sound":"Fritsch, Klein and Wisoky"},
{"animal":"Violet-crested turaco","breed":"Tauraco porphyrelophus","legs":3,"head":1,"sound":"Cormier and Sons"},
{"animal":"African porcupine","breed":"Hystrix cristata","legs":3,"head":3,"sound":"Kirlin-Harber"},
{"animal":"Tern, royal","breed":"Thalasseus maximus","legs":2,"head":4,"sound":"Carroll, O'Keefe and Rosenbaum"},
{"animal":"Kelp gull","breed":"Larus dominicanus","legs":1,"head":4,"sound":"Kutch LLC"},
{"animal":"Grizzly bear","breed":"Ursus arctos","legs":2,"head":2,"sound":"Schowalter Inc"},
{"animal":"Bonnet macaque","breed":"Macaca radiata","legs":1,"head":4,"sound":"Feest, Gleichner and Halvorson"},
{"animal":"Gambel's quail","breed":"Callipepla gambelii","legs":3,"head":1,"sound":"Jacobs, Schultz and Moore"},
{"animal":"Weaver, white-browed sparrow","breed":"Plocepasser mahali","legs":4,"head":2,"sound":"Lubowitz LLC"},
{"animal":"Grouse, greater sage","breed":"Centrocercus urophasianus","legs":2,"head":2,"sound":"Koelpin LLC"},
{"animal":"Lapwing (unidentified)","breed":"Vanellus sp.","legs":2,"head":3,"sound":"Berge Group"},
{"animal":"Cow, scottish highland","breed":"Bos taurus","legs":4,"head":1,"sound":"Pacocha, Cassin and Kassulke"},
{"animal":"Neotropic cormorant","breed":"Phalacrocorax brasilianus","legs":1,"head":3,"sound":"Greenholt-Russel"},
{"animal":"Marten, american","breed":"Martes americana","legs":3,"head":4,"sound":"Glover, Johns and Weissnat"},
{"animal":"Deer, barasingha","breed":"Cervus duvauceli","legs":1,"head":3,"sound":"Haag and Sons"},
{"animal":"Monster, gila","breed":"Heloderma horridum","legs":4,"head":2,"sound":"Tromp LLC"},
{"animal":"Snake-necked turtle","breed":"Chelodina longicollis","legs":2,"head":1,"sound":"Kertzmann Inc"},
{"animal":"Goose, cape barren","breed":"Cereopsis novaehollandiae","legs":2,"head":1,"sound":"Keebler-Hintz"},
{"animal":"Blue-faced booby","breed":"Sula dactylatra","legs":4,"head":2,"sound":"Mohr, Koepp and Quigley"},
{"animal":"White-browed owl","breed":"Ninox superciliaris","legs":2,"head":2,"sound":"Volkman Group"},
{"animal":"Francolin, swainson's","breed":"Francolinus swainsonii","legs":1,"head":4,"sound":"Upton, Maggio and Kshlerin"},
{"animal":"Common wombat","breed":"Vombatus ursinus","legs":1,"head":3,"sound":"Klein LLC"},
{"animal":"Swan, black","breed":"Cygnus atratus","legs":2,"head":2,"sound":"Mosciski-Pouros"},
{"animal":"Oystercatcher, blackish","breed":"Haematopus ater","legs":4,"head":4,"sound":"Thiel-Larson"},
{"animal":"Rhea, common","breed":"Rhea americana","legs":3,"head":2,"sound":"Pacocha, Bashirian and Gerlach"},
{"animal":"Monkey, bleeding heart","breed":"Theropithecus gelada","legs":3,"head":2,"sound":"Walter, Jacobs and Roberts"},
{"animal":"Dove, ring","breed":"Columba palumbus","legs":3,"head":2,"sound":"Aufderhar, Homenick and Bernier"},
{"animal":"Giant girdled lizard","breed":"Cordylus giganteus","legs":3,"head":1,"sound":"Kulas Group"},
{"animal":"Ferruginous hawk","breed":"Buteo regalis","legs":4,"head":4,"sound":"Beatty Inc"}]